title,artist
Lumiere,Dustin O'Halloran
Interplay Limited,Bill Evans Freddie Hubbard
Portrait In Jazz,Bill Evans
Stan Getz/Bill Evans,Stan Getz & Bill Evans
Waltz for Debby,Bill Evans
Everybody Digs Bill Evans,Bill Evans
Father of the Bride,Vampire Weekend
Jacob’s Ladder,Brad Mehldau Trio
Music for Films,Brian Eno
Ambient 2:Plateaux Of Mirror,Brian Eno, Harold Budd
Ambient 1 / Music for Airports,Brian Eno
Apollo: Atmospheres And Soundtracks,Brian Eno
So,Peter Gabriel
Peter Gabriel 1: Car Remastered,Peter Gabriel
Are You Still Somewhere,Various Artists
Colour the Small One,Sia
Feel Good Lost,Broken Social Scene
You Forgot It In People,Broken Social Scene
Hug Of Thunder,Broken Social Scene
Bee Hives,Broken Social Scene
FORGIVENESS ROCK RECORD,Broken Social Scene
Bright Red,Laurie Anderson
Home Of The Brave: A Film By Laurie Anderson 1986 Film,Laurie Anderson
Landfall,Kronos Quartet
Big Science,Laurie Anderson
Something for Rockets,Something for Rockets
White Star Liner,Public Service Broadcasting
Every Valley,Public Service Broadcasting
The Race For Space / Remixes,Public Service Broadcasting
Inform Educate Entertain,Public Service Broadcasting
The War Room,Public Service Broadcasting
The Race For Space,Public Service Broadcasting
Deodato 2 Original Columbia Jazz Cl Assics,Deodato
Prelude,Deodato
Travelling Without Moving,Jamiroquai
Emergency On Planet Earth,Jamiroquai
The Return Of The Space Cowboy,Jamiroquai
Rock Dust Light Star,Jamiroquai
Automaton,Jamiroquai
Synkronized,Jamiroquai
Dynamite,Jamiroquai
Music For Airports,Eno, Brian, Bang On A Can
Cluster 71,Cluster
Zuckerzeit,Cluster
Dark Matter,Randy Newman
John Adams Edition,Adams, Petrenko
Jingle All The Way,Bela Fleck
Fiender Ar Trakigt,Veronica Maggio
Johann Sebastian Bach,Olafsson,vikingur
Chopin Project,Ólafur Arnalds, Alice Sara Ott
re:member,Ólafur Arnalds
Found Songs,ARNALDS,OLAFUR
For Now I Am Winter,Olafur Arnalds
Island Songs,Ólafur Arnalds
Midnight Prayer,Bad Cash Quartet
Outcast,Bad Cash Quartet
DSVII,M83
You and the Night Original Soundtrack,M83
Dead Cities, Red Seas & Lost Ghosts,M83
Before The Dawn Heals us
Knife + Heart Official Soundtrack,M83
Contra,Vampire Weekend
Junk,M83
Oblivion Original Soundtrack,M83
Digital Shades Vol 1,M83
Fever To Tell,Yeah Yeah Yeahs
Show Your Bones,Yeah Yeah Yeahs
It's Blitz!,Yeah Yeah Yeahs
The Laughing Apple,Yusuf/Cat Stevens
Buddha & the Chocolate Box,Yusuf/Cat Stevens
Catch Bull At Four Remastered,Yusuf/Cat Stevens
Matthew & Son,Yusuf/Cat Stevens
Izitso,Yusuf/Cat Stevens
Mona Bone Jakon,Yusuf/Cat Stevens
Teaser And The Firecat Remastered,Yusuf/Cat Stevens
Tea For Tillerman,Yusuf/Cat Stevens
Hello Troll,Helge Lien
Phish: Alpine Valley 2010,Phish
Vegas 96,Phish
A Live One,Phish
Hampton Comes Alive,Phish
Morceau Subrosa,BTSo Familiar,Edie Brickell, Steve Martin
Love Has Come For You,Edie Brickell, Steve Martin
"The Long-Awaited Album",Steve Martin
The Crow: New Songs for the Five String Banjo,Steve Martin
Steve Martin And The Steep Canyon Rangers Featuring Edie Brickell LiveSteve Martin
Rare Bird Alert,Steep Canyon Rangers, Steve Martin
The House of Friendly Ghosts Vol. 1,The Sway Machinery
Gossip,ARBY,KHAIRA
Timbuktu Tarab,ARBY,KHAIRA
In the Heart of the Moon,Ali Farka Toure, Toumani Diabate
Vieux Farka Toure,Vieux Farka Touré
Fondo,Vieux Farka Touré
The Secret,Vieux Farka Touré
The Tel Aviv Session,Vieux Farka Touré, The Touré-Raichel Collective
Paris Sessions,Idan Raichel, The Touré-Raichel Collective
Mon Pays,Vieux Farka Touré
Samba,Vieux Farka Touré
Man With A Movie Camera,Cinematic Orchestra
Traveling On,The Decemberists
Details,Frou Frou
I Megaphone,Imogen Heap
See You Around,I'm With Her
Thanks for Listening,Chile Thile
Build Me Up From Bones,Sarah Jarosz
Undercurrent,Sarah Jarosz
Optica,Shout Out Louds
Bach: Sonatas and Partitas, Vol. 1,Chris Thile
Ahoy!,Punch Brothers
Juno Concerto,Bela Fleck
Beat the Devil & Carry a Rail,Chris Thile
In the Maze,Noam Pikelny
Noam Pikelny Plays Kenny Baker Plays Bill Monroe,Noam Pikelny
Universal Favorite,Noam Pikelny
Deceiver,Chris Thile
How to Grow a Woman from the Ground,Chris Thile
So Long So Wrong,Alison Krauss and Union Station, Alison Krauss
Paper Airplane,Alison Krauss and Union Station, Alison Krauss
Lonely Runs Both Ways,Alison Krauss and Union Station
Now That I've Found You: A Collection,Alison Krauss and Union Station, Alison Krauss
A Hundred Miles or More: A Collection,Alison Krauss and Union Station, Alison Krauss
Antifogmatic,Chris Thile, Punch Brothers
Punch,Chris Thile, Punch Brothers
The Wireless,Punch Brothers
Bass & Mandolin,Chris Thile & Edgar Meyer
In The Magic Hour,Aoife O'Donovan
Fossils,Aoife O'Donovan
Always Ascending,Franz Ferdinand
Still Crooked,Crooked Still
Sara Watkins,Sara Watkins
Bela Fleck & Abigail Washburn,Bela Fleck, Abigail Washburn
The Phosphorescent Blues,Punch Brothers
Hell-on,Neko Case
Sun Midnight Sun,Sara Watkins
Young In All The Wrong Ways,Sara Watkins
Shaken By A Low Sound,Crooked Still
Sleep With One Eye Open,Chris Thile
Not All Who Wander Are Lost,Chris Thile
Who's Feeling Young Now?,Punch Brothers
The Goat Rodeo Sessions,Yo-Yo Ma, Stuart Duncan, Edgar Meyer & Chris Thile
All Ashore,Punch Brothers
Live at the Mauch Opera House,The Wailin' Jennys
The Garden,Ruth Moody
Song Up In Her Head,Sarah Jarosz
Follow Me Down,Sarah Jarosz
Time Out,Dave Brubeck
Giant Steps,John ColtraneCycles,Einar Scheving
Intervals,Einar Scheving
Time Remembered,Bill Evans
Chet Baker Bill Evans - The Complete Legendary Sessions,Chet Baker
Moon Beams,Bill Evans, Bill Evans Trio
Saltbreakers,Laura Veirs
July Flame,Laura Veirs
Reich: Third Coast Percussion,REICH,STEVE
Uncommon Ritual,Béla Fleck, Edgar Meyer
Livephish 10/21/95,Phish
Phish Live in Brooklyn,Phish
St Louis 93,Phish
Vegas 96,Phish
Junta,Phish
Billy Breathes,Phish
Hampton/Winston-Salem 97,Phish
Phish: Ventura,Phish
Fuego,Phish
Siket,Phish
The White Tape,Phish
Farmhouse,Phish
Slip Stitch & Pass,Phish
Rift,Phish
A Picture of Nectar,Phish
Lawn Boy,Phish
Joy,Phish
Big Boat,Phish
Pleasure,Feist
Hideaway,The Weepies
Sirens,The Weepies
Be My Thrill,The Weepies
Happiness,The Weepies
A Bird Flies Out,Deb Talan
Something Burning,Deb Talan
Say I Am You,The Weepies
Trouble,Trampled by Turtles
Something About Airplanes,Death Cab for Cutie
These Hopeful Machines,BT
Song Across Wires,BT
Picaresque,The Decemberists
Castaways and Cutouts,The Decemberists
The Hazards of Love,The Decemberists
Her Majesty The Decemberists,The Decemberists
L.S.T.,Shugo Tokumaru
Exit,Shugo Tokumaru
In Focus?,Shugo Tokumaru
Port Entropy,TOKUMARU,SHUGO
M83,M83
Saturdays = Youth,M83
Long Live The King,The Decemberists
John Adams: The Dharma at Big Sur/My Father Knew Charles IvesADAMS,JOHN
Visuals,Mew
Frengers,Mew
Grenzenlos,Glasperlenspiel
Tag X,Glasperlenspiel
Ma Fleur,Cinematic OrchestraTogether Were Heavy
Together Were Heavy,The Polyphonic Spree
I, Assassin,Gary Numan
Tubeway Army,NUMAN,GARY/ TUBEWAY ARMY
Replicas,Gary Numan
The Pleasure Principle,Gary Numan
Remain in Light,Talking Heads
Speaking in Tongues,Talking Heads
Music For 18 Musicians,Steve Reich, Steve Reich Ensemble
Music for 18 Musicians,Ensemble Signal
Double Sextet, Radio Rewrite,Ensemble Signal
WTC 9/11, Mallet Quartet 
Dance Patterns,Steve Reich, Kronos Quartet
Field Recordings,WOLFE / GHYS / GORDON / MARCLAY
Blue Notebooks,RICHTER,MAX
Philip Glass: Piano Works,Vikingur Olafsson, Víkingur Ólafsson
Three Worlds: Music From Woolf Works,Max Richter, Max Ritchter
Sleep,Max Richter
Manners,Passion Pit
Adams: City Noir,John Adams, David Robertson
Recomposed By Max Richter: Vivaldi, The Four Seasons,Max RichterR
etrospective,RICHTER,MAX
Orphée,Johann Johannsson
From Sleep,Max Richter
Recomposed By Max Richter: Vivaldi, The Four Seasons,Max Richter
Profane,Couch
Leaves: The Colour Of Falling,FUNDAL,EFTERKLANG & KARSTEN
ii,Liima
Ein Neuer Tag,Juli
In Love,Juli
Insel,Juli
Vatten Och Brod,Veronica Maggio
Ricochet,Tangerine Dream
Head Hunters,Sr. Harvey Mason, Bennie Maupin
Hopes & Fears,Keane
The Green World,Dar Williams
Once Upon a Time,Simple Minds
Vespertine,Björk
Legion of Boom,The Crystal Method
Complex,Blue Man Group
Blue Man Group - Audio,Blue Man Group
In Time: The Best of R.E.M. 1988-2003,R.E.M.
Automatic for the People,R.E.M.
Sea Change,Beck
Document Audio,R.E.M.
Reveal,R.E.M.
Pickin on Coldplay: Bluegrass Tribute by Cmh Records,Pickin' On Series
Let It Die,Feist
Vid Og Vid,Olöf Arnalds
Gorillaz,Gorillaz
The Pet Sounds Sessions,The Beach Boys
Piramida,Efterklang
We're on Your Side,Slaraffenland
Valtari,Sigur Rós
Magic Chairs,Efterklang
And They Have Escaped The Weight Of Darkness,Ólafur Arnalds
For Now I Am Winter,Olafur Arnalds
Road Movies,John Adams
Silfra,Hilary Hahn, Hauschka
A Boy Named Charlie Brown,Vince Guaraldi
Dave Digs Disney,Dave Brubeck
Agaetis Byrjun,Sigur Rós
A Dotted Line,Nickel Creek
Duluth,Trampled by Turtles ,Trampled by Turtles
Wild Animals,Trampled by Turtles
Blue Horse,The Be Good Tanyas
A Collection 2000-2012,The Be Good Tanyas
Hop High,Crooked Still
Many Moons,Heather Masse
These Wilder Things,Ruth Moody
Bird Song,Heather Masse
Chinatown,The Be Good Tanyas
Some Strange Country,Crooked Still
The Resistance,Muse
Donso,Donso
Denfila,Donso
Blue Notebooks,Max Richter
Rework-Philip Glass Remixed,GLASS,P.
Memoryhouse
Songs from Before,Max Richter
24 Postcards in Full Colour,Max Richter
Infra,Max Richter
Omnibus,TarkioParachutes,Coldplay
A Rush of Blood to the Head,Coldplay
X&Y,Coldplay
Mylo Xyloto,Coldplay
Gustavo Dudamel: Discoveries,Ludwig van Beethoven, Leonard Bernstein
Sigur Rós: Inni­,Sigur Rós
Moon Safari,Air
Pocket Symphony,Air
Talkie Walkie,Air
Le Voyage Dans La Lune,Air
Random Access Memories,Daft Punk
Copenhagen Dreams,JOHANNSSON,JOHANN 
Living Room Songs,Ólafur Arnalds
Eulogy for Evolution,OLAFUR ARNALDS
Sigur Ros: Heima,Sigur Ros Dean DeBlois
Agaetis Byrjun,Sigur Ros
Valtari, Sigur Ros
Kveikur,Sigur Rós
10,000 Hz Legend,Air
Rolling Blackouts,The Go! Team
Proof Of Youth,The Go! Team
Funeral,Arcade Fire
This Is Happening,LCD Soundsystem
LCD Soundsystem,LCD Soundsystem
Neon Bible,Arcade Fire
Veckatimest,Grizzly Bear ,Trespassers William
Saturdays = Youth,M83
Without Sinking,Hildur Guðnadóttir
Let Me Introduce My Friends,I'm from Barcelona
Chutes Too Narrow,The Shins
Wincing the Night Away,The Shins
Oh, Inverted World,The Shins
Early Works for Me If It Works for You II,Dntel
I Just Can't Stop It,The Beat
See You On The Moon!,Children'S Album
Outside,David Bowie
Everything All The Time,Band of Horses
Cease to Begin,Band of Horses
Take Care, Take Care, Take Care,Explosions in the Sky
Mr Beast,Mogwai
Happy Songs for Happy People,Mogwai
Med Sud I Eyrum Vid Spilum Endalaust,Sigur Rós
Age of Adz,Sufjan Stevens
Illinois,Sufjan Stevens
Michigan,Sufjan Stevens
Write About Love,Belle & Sebastian
Metals,Feist
I'm with You,Red Hot Chili Peppers
Cello Cto: Variations - Pomp & Circumstance 1 & 4BARENBOIM, ELGAR,EDWARD
Heligoland,Massive Attack
Mezzanine,Massive Attack
100th Window,Massive Attack
4,Ratatat
Ratatat,Ratatat
3,Ratatat
Classics,Ratatat
Justice,Justice
Whatever People Say I Am, That's What I'm Not,Arctic Monkeys
We Will Become Silhouettes,The Postal Service
Senior,Royksopp
The Understanding,Royksopp
Discovery,Daft Punk
Human After All,Daft Punk
Alive 2007,Daft Punk
Homework,Daft Punk
Thunder, Lightning, Strike,The Go! Team
Black & White Album,The Hives
The Moon & Antarctica 10th Anniversary,Modest Mouse
No One's First, And You're Next,Modest Mouse
Perfect From Now On,Built To Spill
You in Reverse,Built To Spill
Ancient Melodies of the Future,Built To Spill
Franz Ferdinand,Franz Ferdinand
Music Sounds Better,Acid House KingsFordlandia,Jóhann Jóhannsson
Me & Armini,Emiliana Torrini
A Different Kind Of Fix,Bombay Bicycle Club
Port Of Morrow,The Shins
Sleep Mountain,KISSAWAY TRAIL
Dead Cities, Red Seas & Lost Ghosts,M83
Digital Shades Vol. 1,M83
M83,M83
Travelling Without Moving,Jamiroquai
A Funk Odyssey,Jamiroquai
Synkronized,Jamiroquai
Lex Hives,The Hives
Reasons Why: The Very Best,Nickel Creek
The Wailin' Jennys 40 Days,The Wailin' Jennys
City Of Refuge,Abigail Washburn
Silver & Gold,Sufjan Stevens
Under the Surface,Marit Larsen
In Passage,Immanu El
RULES,The Whitest Boy Alive
Dreams,The Whitest Boy Alive
Fleet Foxes,Fleet Foxes
Bon Iver,Bon Iver
Strict Joy,The Swell Season, Marketa Irglova
Till The Sun Turns Black,Ray LaMontagne

